Country Name;2011;2012;2013;2014;2015;2016;2017;
Aruba;24985.9932813737;24713.6980451285;26189.4355088129;26647.938100985;27980.8806952751;28281.35048163;29007.6930034887;
Afghanistan;591.162759035926;641.871479157539;637.165523187024;613.856689167623;578.466352941708;547.228110150363;556.30200240406;
Angola;4615.46802807906;5100.09580809767;5254.88233799616;5408.41049555432;4166.97968386501;3506.07288506966;4095.81294155857;
Albania;4437.14288515077;4247.62998374252;4413.06086120676;4578.6319939825;3952.80121524465;4124.05572595352;4531.02080555986;
Andorra;43335.3288618283;38686.4612635075;39538.7667220426;41303.9293714464;35762.523073758;37474.6654057245;38962.8803536703;
Arab World;6867.69204656405;7465.15165094558;7519.80825984063;7457.46110932925;6387.66061493825;6097.23902538074;6102.21106679858;
United Arab Emirates;39194.6766208456;40976.4997112455;42412.6302780364;43751.8388860721;38663.3838066363;38141.8467585492;40644.804043392;
Argentina;12848.8641969705;13082.664325572;13080.2547323367;12334.7982453893;13789.060424772;12790.2424732447;14591.8633810541;
Armenia;3525.80474671153;3681.8574560431;3838.18580148382;3986.23162376713;3607.29669672271;3591.82927553023;3914.5012684128;
American Samoa;10294.3022651052;11568.7930012395;11505.3937142139;11507.2323493037;11843.3311832581;11696.9555623329;10823.4448040273;
Antigua and Barbuda;12746.2050243357;13272.4413293826;12909.7441775006;13501.5809223367;14286.0931598293;15197.6174551735;15383.4151884998;
Australia;62517.8337471503;68012.1479005934;68150.1070413215;62510.7911705641;56755.7217124249;49971.131456129;54066.4712686117;
Austria;51374.9584066934;48567.69528642;50716.7087062864;51717.4959405515;44178.0473777432;45237.8050921543;47549.0790402349;
Azerbaijan;7189.69122920765;7496.29464768263;7875.75695254288;7891.31314749986;5500.31038244408;3880.73873089556;4147.08971569171;
Burundi;249.577979366801;252.358979858344;256.976002796754;274.857947913846;305.549772797441;282.193130404814;292.997630684415;
Belgium;47348.5250202016;44673.1158755901;46744.6625441516;47700.5403601178;40991.8081381432;41998.335750239;44288.5080403124;
Benin;1130.27313181143;1145.14081099947;1251.21051783537;1291.40980818577;1076.79771601166;1087.28783152256;1136.59284704681;
Burkina Faso;751.172957247699;758.000701423857;787.47017629755;792.846778432074;653.32697954543;687.670174974205;738.274158940081;
Bangladesh;861.758444349051;883.105000541313;981.839879150399;1118.8536634927;1248.45339778371;1401.62046644588;1563.91385693051;
Bulgaria;7806.34865242499;7393.1891769154;7651.8178806676;7874.26090425646;7053.60370638709;7545.79033249799;8331.0580246026;
Bahrain;22514.2379458146;23654.3513912828;24744.296958551;24989.4001204704;22688.9443998144;22619.1166718849;23709.430467983;
Bahamas, The;28006.3797183913;29485.6209294138;28768.0298936727;29445.030528852;31405.9635601781;31588.8349989813;31827.2426989661;
Bosnia and Herzegovina;5092.55194328895;4778.63608845506;5131.39450642932;5329.63504488766;4727.27754622207;4994.68314045091;5394.59122017677;
Belarus;6519.23019498892;6940.15925359735;7978.87261471076;8318.51268992675;5949.10630699748;5022.62664330491;5761.74712023007;
Belize;4423.48979672175;4505.62130177515;4568.50295763852;4705.60268956266;4775.95564827821;4818.40390879479;4887.5772083381;
Bermuda;85973.158416455;85458.455507886;85748.0654143782;;;;;
Bolivia;2346.33717022581;2609.88081915425;2908.20008548078;3081.87883446506;3035.97221489277;3076.6589493424;3351.12403975607;
Brazil;13245.6124995448;12370.0242007149;12300.3248822758;12112.5882059697;8814.00098681261;8710.09668954121;9925.38623770041;
Barbados;16458.3532105715;16249.5593937258;16451.1635759912;16489.0722373387;16525.0732500596;16900.166552366;17391.4258663397;
Brunei Darussalam;47055.8411171808;47740.5149015856;44740.085018517;41726.7839720342;31164.5620291141;27157.8234104784;28572.1467776509;
Bhutan;2563.2575266012;2538.94590031276;2472.71430857435;2652.21458893197;2752.66420790266;2930.56298891838;3286.57470287488;
Botswana;7617.32509421648;7070.37655030163;7224.96517150786;7780.63838460394;6799.87523352768;7243.85299726842;7893.21010771116;
Central African Republic;551.750096552583;565.800696971217;380.298167643018;424.448751343631;377.423001679447;402.191290596004;450.900244979058;
Canada;52087.446383568;52678.3901234772;52652.5936828278;50893.4467137547;43585.5119817751;42322.4847803038;45148.5527061655;
Central Europe and the Baltics;13889.3857774639;13015.8287162841;13718.0977494553;14161.90730278;12493.7138218191;12792.5141152591;14198.129857177;
Switzerland;88415.6280609527;83538.2300783858;85112.4643984141;86605.5633762421;82081.5971239792;80172.2320747951;80449.9945608366;
Chile;14637.2402355403;15351.5513257697;15842.9408052125;14670.996760602;13574.171830724;13753.5944374598;14999.3700885512;
China;5618.13249134962;6316.91886335683;7050.64591988963;7678.599431661;8066.94242356745;8147.9381477822;8879.43814888506;
Cote d'Ivoire;1208.58302649782;1243.2734867584;1415.87175770634;1561.46365461434;1972.54610769746;2013.38246179891;2111.02707557541;
Cameroon;1405.09439231907;1354.54561274707;1465.63884316769;1542.62026621531;1327.50301711492;1364.33011041997;1425.10781805334;
Congo, Dem. Rep.;387.082465361488;424.600386118518;457.96372825635;486.787081921552;497.316960805476;471.318840409572;467.07423746489;
Congo, Rep.;3286.69453468035;3032.49388349185;3047.93077321007;2996.91802578845;1762.03201773797;1815.29584294039;1767.89452055028;
Colombia;7335.11050963648;8050.05841420756;8218.03399561565;8114.08406910545;6175.87613151279;5871.2235753589;6377.85136303665;
Comoros;1447.96358713476;1403.34861983706;1505.34947313614;1513.8303792438;1242.6031895579;1273.05895265459;1323.81158996501;
Cabo Verde;3740.38909850629;3447.5240412173;3615.97904131099;3588.6740539538;3043.01398430098;3130.96338461412;3292.6457550859;
Costa Rica;9121.93251763187;9913.20995852366;10490.0813312933;10547.1518593556;11299.1355423011;11666.4559107759;11814.6265687665;
Caribbean small states;9762.0534629369;10017.3835886664;10140.1659423388;10202.2747658002;9939.80120602741;9384.91452359793;9557.51749317694;
Cuba;6139.71932965905;6497.32111313561;6837.71289192677;7133.34209494342;7694.0119195241;8060.79588647979;8541.2106734664;
Curacao;20146.3864122001;20587.397358013;20462.7179539813;20258.0096948833;19951.3279030441;19555.3658492891;19457.5315232205;
Cayman Islands;72328.411640906;72783.320437604;73515.8953177856;74990.4332223775;76280.4862528245;78296.0999272332;81124.5134794821;
Cyprus;32396.3857437121;28912.1569390403;27729.1926990735;27129.6261211298;23333.7149112129;24532.5190588269;26338.6943443136;
Czech Republic;21717.4579392202;19729.8705111763;19916.0193873722;19744.5586092159;17715.6168523009;18463.3865756564;20379.8960396417;
Germany;46644.776027968;43858.3630551076;46285.7640688407;47959.9932737599;41139.5445685533;42098.9204453545;44349.5896552757;
Djibouti;1451.54297984389;1559.24065068226;2312.72880330353;2464.32784119361;2658.97875260181;2802.19705115707;2914.38385631251;
Dominica;7065.06184677542;6848.3942266793;7016.67647144723;7318.10378289945;7596.43506226258;8080.96862341186;7274.72133332918;
Denmark;61753.647131977;58507.5080517852;61191.1937042028;62548.9847332908;53254.8560039631;54663.9983719195;57141.0598350414;
Dominican Republic;5913.43207224236;6110.36965247193;6238.13360822241;6608.82810187508;6921.5172283795;7280.88010922762;7609.33879943715;
Algeria;5455.85352874953;5592.25709916356;5499.58148704572;5493.02558996263;4177.89251546889;3946.44397689835;4044.27660039876;
East Asia & Pacific (excluding high income);4858.58187445479;5378.84238954117;5891.45776577729;6306.32841414278;6522.67436374416;6612.24847115179;7173.39830759622;
Early-demographic dividend;3252.8883056719;3362.38279072181;3373.30668044576;3444.08795085167;3297.40525634055;3328.52405517429;3548.28805066882;
East Asia & Pacific;8861.4584655038;9420.49788165368;9466.23545167095;9703.28402570888;9598.27855497314;9857.98086489345;10467.7021916107;
Europe & Central Asia (excluding high income);9611.53680415616;10189.2239751585;10729.4077397626;9897.82794207497;7461.21170155524;7043.48134673804;7863.6790493156;
Europe & Central Asia;26109.2590137749;25068.3281202146;26071.8520582126;26301.0829908345;22551.6008910796;22371.6823872914;23597.42400545;
Ecuador;5200.55579014874;5682.04500655353;6056.3308269681;6377.09153014217;6124.49164262072;6060.09332904415;6213.50127649921;
Egypt, Arab Rep.;2791.95496186249;3232.64889178794;3264.37878715277;3378.83135785555;3598.9709482021;3525.02016450058;2440.51017311107;
Euro area;40613.8742750705;37598.0422605764;39102.9130889748;39857.2917635599;34381.5547912416;35142.3154719071;37095.1202703313;
Eritrea;642.507659063694;;;;;;;
Spain;31636.4463142558;28324.4293363918;29059.5479522321;29461.5503337389;25732.0183647454;26505.3432155204;28170.4345659807;
Estonia;17621.5474392795;17534.4215441923;19174.100729108;20367.1026566799;17522.230186252;18237.2958432683;20388.2095530338;
Ethiopia;354.479575841347;467.077927241718;499.531572059907;566.926466461984;640.541891313682;717.124592933285;768.522307579386;
European Union;35716.273662884;33158.7914088519;34564.1125052742;35243.2073712896;30473.7402563699;31162.6963930937;33029.9879503522;
Fragile and conflict affected situations;2186.9711548558;2457.00032221668;2523.04276278452;2710.81219285541;2341.68650863862;2049.27473030114;2030.05691862279;
Finland;51081.9976703127;47710.7902169415;49878.0432444536;50260.2998588958;42784.6983616432;43784.2839622098;46316.7454588326;
Fiji;4371.45751012411;4591.55578402956;4840.69371615802;5605.57033080847;5390.74523711745;5651.31806630066;6101.03084255946;
France;43790.7320482019;40874.7035053457;42592.9340943342;43011.2631028417;36638.184929157;37037.3741861219;38812.1610341682;
Faroe Islands;52083.8891448364;49459.7172338372;54853.6255967876;59440.0307606004;52404.6593331379;55822.9147203438;58622.840815806;
Micronesia, Fed. Sts.;3009.19864668922;3131.38671463839;2994.67930442007;2971.45729017367;2906.37678497635;3014.70035839042;3289.70114571277;
Gabon;10809.6464505909;9813.4777028244;9683.57629028674;9663.42923977641;7384.71587003183;6984.45101873395;7230.39639268426;
United Kingdom;42038.572250193;42462.771568145;43444.533001954;47425.6076805194;44974.8318771782;41064.1334316223;40361.4173832159;
Georgia;4021.74330617286;4421.81824228013;4623.74572473419;4739.18833846421;4014.18594419329;4062.16988757379;4357.00093554628;
Ghana;1549.46290192946;1587.56123719997;2345.39290574885;1971.03334675411;1743.8509964087;1931.38947036943;2025.93242386751;
Guinea;651.135363533047;717.050737885584;769.003943268326;787.23807021997;769.256013746016;732.96657072192;856.565269750468;
Gambia, The;762.761054131159;742.781137796627;700.514971960668;607.428404115004;649.510829417793;683.997653898689;676.655924552125;
Guinea-Bissau;702.742880436386;616.411686249548;634.48244599306;622.481716725217;603.158512942404;661.007654906181;736.725566231783;
Equatorial Guinea;21641.8705192127;21711.1532298542;20390.7193153023;19394.0299929972;11283.46560612;9250.33195308226;9667.91225173046;
Greece;25916.2935289351;22242.681934771;21874.8195041667;21760.9797994918;18167.7737169162;18116.4596223336;18930.2185856433;
Grenada;7291.05889664338;7444.5047675973;7789.77638079977;8369.88675513221;9096.87064595412;9628.34748662013;10152.8328118872;
Greenland;47186.9814680048;45936.7659516989;47535.5899453685;50484.9275739023;44536.4013080999;48181.874188064;50321.3687543442;
Guatemala;3281.66750176033;3408.78491640236;3522.77369775434;3779.64232768084;3994.63691288475;4173.30166619474;4451.45098990197;
Guam;30859.4043533803;32494.5623640591;33265.3811866066;34394.0974809957;35278.9259389693;35562.8379083283;35615.8046274371;
Guyana;3425.43644063562;3788.14674878178;3934.86526171904;4031.60066245674;4166.12851559884;4542.62206666493;4586.05457171312;
High income;41536.1827076963;41343.838833113;41628.4805545483;42293.5445119279;39730.9195530976;40332.2633871007;41971.2373450864;
Hong Kong SAR, China;35142.4879344543;36730.8767001128;38403.7777145477;40315.2855640552;42431.8882817277;43731.1068245299;46165.8565115953;
Honduras;2088.31530028695;2144.3426111782;2102.59316626494;2206.05193412773;2302.20137936204;2342.58465119568;2453.72789597457;
Heavily indebted poor countries (HIPC);840.10374686218;862.617916300708;937.580760789698;962.929220466643;927.484595463214;897.493255355095;929.410711342351;
Croatia;14566.6384689953;13238.1019332831;13642.1936643621;13600.194390748;11782.8990799829;12360.4838164919;13412.3382902297;
Haiti;744.217426799623;769.749380959249;815.820015229786;831.873948899917;815.728284410317;735.301770321704;765.727294324274;
Hungary;14150.9667263678;12918.2475205388;13687.246101281;14246.109801447;12651.5683423004;12992.375667515;14457.608763614;
IBRD only;5287.11310838397;5566.7959815895;5823.53208302828;5965.91314534739;5581.20551384289;5571.60102665915;6091.70977670783;
IDA & IBRD total;4311.53819013222;4528.97227389441;4736.5284972461;4851.42461790789;4537.97692824524;4503.14517758389;4885.47424281036;
IDA total;1190.50701289103;1250.49823115765;1347.43393016658;1422.52551535685;1370.73525008276;1299.26767391327;1312.72588848293;
IDA blend;1730.32671096307;1859.43827902544;1977.51020180061;2105.04177801938;1957.86344151847;1771.73912815028;1714.46986572736;
Indonesia;3643.04393616102;3694.34894603237;3623.91158235134;3491.62479085767;3331.69512758628;3562.84575641971;3837.65173121117;
IDA only;911.416818978464;933.773107165521;1019.86624976663;1066.54824046642;1066.1569440534;1057.25582367529;1110.35579689092;
Isle of Man;77351.9588821432;76104.681367227;80431.6727965138;88974.2286497928;81606.2800333934;79155.541672096;80989.1722114502;
India;1458.10352686177;1443.87952939042;1449.6059123387;1573.88149211052;1605.60543355488;1732.56426178428;1981.6510498992;
Ireland;51848.9097301621;48917.8975571766;51590.1884453629;55492.982676213;61995.4227789928;63197.0823744196;69822.3471789095;
Iran, Islamic Rep.;7781.40611374433;7927.84690171722;6018.32447332471;5585.52675758303;4904.32687747976;5253.42484259991;5520.31078932382;
Iraq;6045.49555071698;6836.0273134631;7076.55460775667;6818.8046210291;4989.80307473071;4776.72649939331;5205.28825481998;
Iceland;47516.8746858993;45910.0205549899;49522.2365873909;54241.9346550193;52564.4291863302;61466.8039666276;71310.9392535086;
Israel;33669.2464692884;32511.2378524925;36309.4688256886;37678.8897743182;35776.7951710172;37321.6240366845;40541.8620907084;
Italy;38599.0622070322;35053.5262442572;35549.9746972954;35518.4152916749;30230.2263021296;30939.7142462298;32406.7203150134;
Jamaica;5111.471413428;5209.85193130013;4989.17139091154;4833.79031821405;4907.50371974316;4843.33847410864;5069.18383810726;
Jordan;3816.27925808967;3877.33934463778;3998.02747275799;4072.76547535039;4105.44896083238;4103.73359991068;4162.82068657256;
Japan;48167.9972684965;48603.4766497749;40454.4474578903;38109.4121125573;34524.4698609337;38761.8181501925;38386.5111457057;
Kazakhstan;11634.0019047654;12386.7000029472;13890.6317716835;12807.2606866152;10510.7718884148;7714.84184376024;9247.58133129626;
Kenya;971.63332904823;1136.87140571776;1210.38801408195;1315.80453537238;1336.88334885603;1410.52756809011;1572.33549593781;
Kyrgyz Republic;1123.8831680627;1177.97473487848;1282.43716202467;1279.76978265986;1121.08283510739;1120.66651300848;1242.76964282023;
Cambodia;882.275492640073;950.880345993697;1013.4204006154;1093.49619050796;1162.90491997151;1269.59125737542;1385.2599796333;
Kiribati;1735.01835782836;1788.50542068887;1715.76533141614;1642.76259749601;1542.5752495838;1584.80744578963;1640.50010436018;
St. Kitts and Nevis;16538.1714353341;16044.7054788266;16684.9530184254;18052.0359647472;18029.3255386512;18811.8733745852;19155.2894041125;
Korea, Rep.;25096.2638838239;25466.7605170594;27182.7343101935;29249.5752209742;28732.2310762599;29288.8704389833;31616.8434004683;
Kuwait;48631.691300679;51979.1051680637;49388.1374119381;44062.3170375209;29869.5293908248;27653.0667677649;29759.4364865575;
Latin America & Caribbean (excluding high income);9870.70609637354;9825.14345387872;9936.31676664428;10062.2692262246;8461.07739077446;8142.77002403826;8990.52450414889;
Lao PDR;1378.36136494331;1581.39540349425;1825.66511330676;1998.33521471699;2134.71179567796;2308.80048220079;2423.8462031921;
Lebanon;7674.83535037848;7950.69537825963;7931.08047584526;7686.25602996455;7644.54865718211;7629.89111711952;7801.17865807555;
Liberia;596.897081053795;657.936256349955;721.930055405248;721.182794835652;710.383857717515;714.623392230031;698.70176435511;
Libya;5554.1791642315;13025.2813934413;10363.7894894551;6466.91027014384;4337.91913919348;4035.1943155047;5756.69844996569;
St. Lucia;8983.4366734688;9086.79946207544;9378.56236298604;9843.91581872176;10093.8997626748;10361.8141037985;11047.4449858109;
Latin America & Caribbean;10193.8572444798;10186.9594620423;10326.1343581426;10417.3537399993;8870.63068044006;8577.35872648418;9432.97118520624;
Least developed countries: UN classification;903.509771997155;935.481980910771;997.209315594878;1053.02861549846;1014.38037293746;978.741307534202;1041.22827629761;
Low income;773.242181221052;790.496390692704;845.740512419538;883.969991856531;860.568620585368;774.507273531087;779.608317856324;
Liechtenstein;158156.599825792;149010.224898665;173058.317372602;178845.631017897;167290.939983907;165629.190482925;173356.051288416;
Sri Lanka;3200.83382914016;3350.52187589289;3610.28936304898;3819.25352972265;3843.78067184442;3886.29150165239;4077.04372120747;
Lower middle income;1709.88416598629;1775.62425488896;1843.33214328832;1935.2398738515;1886.7258935167;1920.04768626716;2034.89358089237;
Low & middle income;4167.71089578689;4393.63288988887;4593.90058862244;4709.48356996713;4415.52291117125;4380.32809255942;4749.35641598002;
Lesotho;1308.69006593273;1253.69620212555;1193.71325665948;1223.33303163915;1152.13982724874;1043.56979182005;1150.07917252047;
Late-demographic dividend;7502.03059794594;7978.58535550333;8548.15962878764;8818.86979587623;8218.38497234967;8187.21315976328;9031.340768891;
Lithuania;14354.1883792953;14339.2878672896;15702.143059565;16548.4064052386;14249.1149666026;14999.4796391329;16882.6394711995;
Luxembourg;115761.507705096;106749.013622989;113625.13289956;118823.648368575;101376.496574339;104278.390971905;107627.151006695;
Latvia;13832.3911780536;13850.6428153434;15041.1744584981;15740.3267490719;13698.9379476476;14153.4149226916;15586.58189392;
Macao SAR, China;66644.3853449773;76291.8474900231;89287.4540184115;93777.1067959425;75340.9869811152;74061.0860345658;81516.6749248075;
Morocco;3046.94913644957;2912.65827494029;3121.68117550498;3171.69919227376;2875.25798516781;2896.72000268117;3036.32525487301;
Monaco;169020.88783177;157515.899069445;177664.115616089;189422.21876884;166011.50913116;170028.655717864;167517.059727856;
Moldova;2942.25594861529;3045.73987422417;3322.0384362615;3328.80144892125;2732.45711293733;2880.43928129296;3509.69345025814;
Madagascar;531.265571840383;518.15295430212;541.066199955123;530.861345678745;467.235399432808;475.955417183065;515.29272487784;
Maldives;7291.42764039704;7265.61365556669;7928.45736514824;8499.36576172668;9033.3904129872;9209.28862477108;9540.63434888323;
Middle East & North Africa;8324.98447325251;8894.86157872712;8652.3475823771;8537.2588240188;7371.99833537827;7265.22114570915;7411.42312942984;
Mexico;10203.4208543113;10241.7279153745;10725.1833166036;10922.3760488647;9605.95235103139;8739.75604280929;9278.41816833763;
Marshall Islands;3083.83187985353;3224.33838179029;3296.69816291405;3230.02326028787;3213.83728825363;3473.77500649519;3666.69537359193;
Middle income;4517.71460820642;4770.00524510208;4991.39048128663;5121.33079419836;4804.48157801524;4778.76282254341;5193.16390044498;
North Macedonia;5063.78698606358;4698.14129350594;5210.67583028154;5468.48086914212;4840.27312286783;5129.15896023703;5430.87421029797;
Mali;837.603440597371;778.619285773713;805.032838043922;848.302757966684;751.478668644525;780.387870004561;830.557408816505;
Malta;22858.5860907173;21916.4115923962;23837.279991256;26008.8277215807;24002.5232912389;25133.0456471795;27239.0701049375;
Myanmar;1176.24245336109;1165.79432896131;1162.33144011893;1251.82076450814;1287.43048657119;1266.54633814868;1291.54241301307;
Middle East & North Africa (excluding high income);4621.78958804168;5011.26830580966;4605.55067242475;4466.55648527284;3944.3492513893;3928.79258761764;3793.93201839617;
Montenegro;7318.74469026724;6586.7212793222;7189.29328653737;7388.14779373126;6517.16375162528;7033.60489868635;7803.41113682269;
Mongolia;3757.5586328813;4351.8869200565;4366.07590145025;4158.52571473091;3918.57917389554;3660.15074616061;3669.4175403988;
Northern Mariana Islands;13571.0582833444;13827.7696967465;14274.2406542056;15278.9078745141;16690.5700968089;22246.7430768136;28305.222587603;
Mozambique;594.586466669704;657.645337819668;664.078211827767;673.969955508106;589.859028149831;428.926487995524;461.415094120589;
Mauritania;1879.77142715638;1815.21942921145;1892.09548717758;1677.10816613189;1524.07288252212;1536.85414964338;1578.11417355949;
Mauritius;9197.02697152061;9291.22761861899;9637.00265000958;10153.9382184867;9260.44730250635;9681.61856689674;10484.9083620411;
Malawi;534.951264721663;391.561832360636;348.430269640572;371.269749625713;380.597033140938;315.777326372575;356.717573153369;
Malaysia;10399.372753345;10817.4428742856;10970.1232849014;11319.0797572756;9955.24212653611;9817.74086096214;10254.2340242588;
North America;50111.9822964196;51723.2256622493;53077.2420776928;54637.8325905317;55502.6914987937;56364.855162767;58467.9738138988;
Namibia;5723.32549028316;5942.27378751117;5377.72732693011;5435.17191125163;4869.37840629792;4523.09126977999;5303.30913333229;
Niger;508.396568098584;526.35096555995;548.892954823143;562.121844645643;483.339282202639;494.718713458115;516.888247180949;
Nigeria;2520.40416579378;2746.99178858383;2998.07284264118;3222.69353725587;2730.4303237015;2175.99967021858;1968.55958830544;
Nicaragua;1655.80182373144;1760.45438654986;1811.63919333528;1934.06950834664;2049.84968976149;2107.56717992428;2159.16307935984;
Netherlands;54159.3466126142;50073.0056559308;52184.0618504931;52830.1742328055;45175.2318933798;46007.8529206547;48675.2223350213;
Norway;100600.562407589;101524.141851985;102913.450843674;97019.1827527462;74355.5158575643;70459.1825041029;75496.7540581998;
Nepal;699.429337677581;698.466479416086;715.923743046061;743.413381296219;792.552890593381;777.147595512165;911.444266521258;
Nauru;6568.10258231227;9429.63337725871;9101.91698033437;8829.35671886048;6956.25380055393;7670.11640425255;8510.86840824456;
New Zealand;38437.543157275;39982.7543013783;42962.9882149803;44553.2822108385;38615.9951849093;40105.6133867135;42849.426324701;
OECD members;37434.5200220514;37184.8134999025;37447.5045647114;37980.4861126146;35605.2391932836;36030.9131925758;37370.0489908713;
Oman;20921.1459820841;21902.5813563661;20926.5540495711;20131.9167222582;16028.7513645532;14618.8753761098;15130.9437443942;
Other small states;14891.4121127329;15211.5769773084;15541.8964812381;15741.3397887968;12793.9310514073;12385.063691733;13404.4097361322;
Pakistan;1164.97612914872;1198.10900052752;1208.90431029644;1251.16410422834;1356.66775582649;1368.45432627629;1464.99330546855;
Panama;9358.25147451101;10722.2836326295;11889.1276274385;12796.0700430496;13630.3079737945;14343.9636291397;15150.345612161;
Peru;5869.32307961474;6528.97221785312;6756.75276926556;6672.8802554854;6229.10169612596;6204.99726003927;6710.50802896038;
Philippines;2450.73365615789;2694.30547297894;2871.43090178415;2959.64845212051;3001.04037106857;3073.65361496958;3123.23422944951;
Palau;10884.4125105664;11967.3072562358;12688.1972054981;13794.7917848633;15871.8426266629;16932.3328631876;16078.2681940701;
Papua New Guinea;2406.90967879579;2790.67666914736;2729.89190578265;2920.78372080202;2679.34558781427;2509.6314572831;2695.2518833116;
Poland;13893.509259001;13145.5392627865;13781.0626053813;14347.9145754456;12572.4266045561;12431.8158916231;13861.3093648235;
Pre-demographic dividend;1575.22106561097;1678.43249469713;1791.26548997004;1856.52600548538;1589.45339244249;1398.96941473081;1414.80084279035;
Puerto Rico;27278.8830499205;27944.7338937424;28513.1657351067;28981.4573305866;29763.4883013861;30627.1634017011;31108.7527508912;
Portugal;23186.9131283278;20564.8898617969;21647.0418118869;22074.3007634216;19242.3664710981;19978.401214968;21490.429863104;
Paraguay;5322.96375987671;5183.08287691315;5926.83286284344;6102.94323272326;5406.70385708338;5319.41021789703;5680.58076826353;
West Bank and Gaza;2695.19385339015;2834.02152463393;3060.3123893102;3046.82179844817;2967.85174651975;3074.29115236515;3254.48588658763;
Pacific island small states;3401.31860974582;3568.80296036922;3654.82660315204;3919.67305283497;3776.19942145241;3899.58062674065;4132.18527007284;
Post-demographic dividend;42364.2257585388;42149.3538180757;42388.8578810151;43064.3204187252;40584.2609627683;41289.5814414088;42879.591169801;
Qatar;82409.5803345471;85076.1479273998;85050.9109716822;83858.5283798723;63039.0165548075;57163.0609918357;61264.3964777979;
Romania;9104.99562203019;8535.0468756267;9555.2442173314;10026.9735781794;8977.43738227167;9567.12934484744;10807.7953907179;
Russian Federation;14311.0843159612;15420.8745413273;15974.6446270517;14095.648742954;9313.01362484996;8704.89841329594;10720.3325853448;
Rwanda;671.509939994776;728.697297125371;726.180156859823;747.000511564279;754.906789007641;748.504418148739;772.318471775428;
South Asia;1367.31313793749;1364.41640319999;1381.85662659774;1494.42076537038;1541.80368581438;1651.08946256258;1866.88606656608;
Saudi Arabia;23745.8016143404;25243.3586984024;24844.7443709487;24463.9031638501;20627.9327820675;19879.2975304177;20803.7425657324;
Sudan;1437.7732945888;1457.89458202637;1557.22831003842;1709.99960541964;1909.73875450207;1299.26119456743;1111.86844893858;
Senegal;1373.52078902067;1329.98137880303;1376.06981577192;1396.65822533925;1219.24866243037;1269.90210810516;1361.69958778497;
Singapore;53890.4287270504;55546.4885386921;56967.4257940383;57562.5307937678;55646.6187469505;56828.2953471601;60913.745333494;
Solomon Islands;1722.41812107591;1913.23201256373;1977.45140452319;1996.78118438995;1914.46792975705;1986.41623627442;2059.04542370076;
Sierra Leone;448.337525527861;566.378656937493;716.835304734774;714.700712388696;588.228452702849;501.415712857832;499.38070781976;
El Salvador;3266.04587535311;3428.38473639383;3509.53149262616;3589.04219262897;3705.57794598177;3805.99366628473;3910.25719295906;
San Marino;57286.6550002958;49985.349570181;51572.5681707239;50806.5343783866;42650.3172583365;43842.3855205602;45394.2010273704;
Somalia;;;;;;;;
Serbia;6809.15980400146;6015.94522756969;6755.07351070594;6600.0566499116;5585.1178082606;5756.38119351044;6284.19280376523;
Sub-Saharan Africa (excluding high income);1733.95578110555;1770.1596372002;1838.05574353651;1873.49181691514;1662.58802761865;1492.85111898339;1548.8015400679;
South Sudan;1516.40391483427;1179.73982772896;1779.4693342398;1322.8202385055;1119.65133267823;;;
Sub-Saharan Africa;1745.44305673761;1781.43313604747;1849.69360950361;1885.47256318323;1673.44929052822;1504.23840871572;1560.8873467415;
Small states;13171.1359583868;13484.6668560084;13774.4921831261;13965.96172728;11707.5184818596;11311.7329004564;12135.8377896016;
Sao Tome and Principe;1263.86802227704;1340.52770210677;1577.01827831712;1782.79805936252;1595.86463222251;1710.13089783903;1811.0128258881;
Suriname;8263.17292305383;9201.00878530056;9402.23313695562;9472.00759951427;8561.97417855142;5539.06887190094;5626.79581590317;
Slovak Republic;18338.3622288437;17460.0468093549;18236.9807888867;18670.9301711227;16309.073235592;16505.9750465561;17554.3083210444;
Slovenia;25095.1326282071;22643.1002515007;23496.6023059673;24214.9220717273;20881.7667686947;21622.580683576;23500.7522308704;
Sweden;60755.7595508465;58037.8213192173;61126.9431963979;60020.3604576572;51545.4836095322;51965.1571531985;53791.5087298403;
Eswatini;4496.60037883323;4527.66898764161;4230.3440556779;4038.55722839918;3689.51870561216;3447.695698505;3953.08896824132;
Sint Maarten (Dutch part);;;;;;;;
Seychelles;12189.0951601357;12006.68296237;14765.6739800428;14700.3343006837;14745.3414415607;15068.620324642;15906.0839204787;
Syrian Arab Republic;;;;;;;;
Turks and Caicos Islands;21835.0831410852;21009.8858098984;21328.9790101062;23296.3369051995;24832.5963703066;25995.1724609535;25933.6074363465;
Chad;984.735891490329;967.352797482929;979.812409638156;1020.28820350586;776.019532308037;693.449386475774;665.94835269506;
East Asia & Pacific (IDA & IBRD countries);4910.47877499328;5436.16037805804;5954.10667877778;6373.23857685174;6591.70467144063;6682.04869854955;7248.93113112798;
Europe & Central Asia (IDA & IBRD countries);10004.5981939929;10396.818359533;10964.1524092472;10314.4807744761;7997.06760260123;7651.57831332526;8538.35694285658;
Togo;587.097136792467;571.806723944167;621.398853574683;640.934219628827;570.910279013434;597.471088804109;626.09152789111;
Thailand;5492.12125590558;5860.58250725599;6168.26298501219;5951.88370233604;5840.04652294326;5994.23147547156;6592.91490169864;
Tajikistan;847.382101810518;969.296473144289;1048.22729256115;1104.17168941376;929.095857223746;802.518004052824;806.041573098044;
Turkmenistan;5649.95227819669;6675.18565772239;7304.28713230982;7962.23909840679;6432.68070195019;6389.54840833488;6587.09031628698;
Latin America & the Caribbean (IDA & IBRD countries);10128.6322412566;10111.7580718897;10247.2140185891;10334.4306676485;8728.07016006564;8417.02746729084;9288.19957715145;
Timor-Leste;947.513730419925;1013.05045122024;1210.03329624593;1232.45683164031;1334.6619555193;1358.20169150129;1294.71553448905;
Middle East & North Africa (IDA & IBRD countries);4644.13050425264;5036.72083221306;4623.47967975874;4483.0610397424;3955.55505989437;3938.53331081404;3799.78729071694;
Tonga;4084.6241317437;4597.74230534531;4428.56648134984;4393.9408110033;4320.63799011384;3966.15652021899;4217.47650679527;
South Asia (IDA & IBRD);1367.31313793749;1364.41640319999;1381.85662659774;1494.42076537038;1541.80368581438;1651.08946256258;1866.88606656608;
Sub-Saharan Africa (IDA & IBRD countries);1745.44305673761;1781.43313604747;1849.69360950361;1885.47256318323;1673.44929052822;1504.23840871572;1560.88734674149;
Trinidad and Tobago;19034.1491966652;19157.4170366712;20143.6644489582;20270.8593716518;18289.704340369;16176.9473700573;16238.1931916674;
Tunisia;4264.67494604737;4152.67858707583;4222.70324540611;4305.47416504834;3861.68853113497;3697.93083126064;3481.22873876516;
Turkey;11335.5105095101;11707.2597121001;12519.3914258819;12095.8545718135;10948.7246069027;10820.6338422108;10513.6484324378;
Tuvalu;3640.72324004977;3507.94065504737;3454.82869218249;3398.70648337631;3197.77225194394;3255.92869342584;3572.49357894833;
Tanzania;781.437014324276;867.867680563228;970.416938425046;1030.09291747653;947.933446487903;966.474622354379;1004.84112066441;
Uganda;825.838435186254;783.717921018288;803.509373918698;876.354300461581;840.401571455767;730.625040496247;747.196907377979;
Ukraine;3569.75812083898;3855.41772856732;4029.71125162545;3104.64320609541;2124.6623187838;2187.73050991433;2640.67567655839;
Upper middle income;7225.17222917182;7678.0963450404;8070.06290272001;8258.43775067412;7695.50393893236;7629.40685561866;8364.7704248503;
Uruguay;14236.681188686;15171.5846634188;16973.6742130217;16831.9729440778;15613.7642726429;15387.1440299446;17322.1473891166;
United States;49886.8181094923;51610.6052783379;53117.6678308301;55047.7255604544;56822.5188202456;57927.5168515062;59957.7258513032;
Uzbekistan;1926.29299673401;2137.025122118;2281.41097296841;2492.33664277468;2615.025134487;2567.79920656883;1826.56691924216;
St. Vincent and the Grenadines;6242.19533244977;6390.31063156115;6639.60714595024;6684.80736732912;6920.87807380804;7075.06582034944;7212.96018080962;
Venezuela, RB;10955.3499126366;12985.5053251065;12456.7124535391;16054.4905130962;;;;
Virgin Islands (U.S.);39144.1657740184;37849.7287205036;34819.1477546185;33573.0970301435;34797.14046978;35931.5412519766;35938.0243875154;
Vietnam;1525.11598800104;1735.14127643805;1886.67189633671;2030.26195473318;2085.10148409879;2192.21453866566;2365.62166567374;
Vanuatu;3264.5370165591;3133.09020920348;3124.23307756588;3088.25830265504;2801.93984778858;2889.85303623403;3082.35632289041;
World;10488.3340155715;10605.2083219604;10781.8553053719;10952.3444187853;10246.5073623909;10281.9087997747;10817.4819474952;
Samoa;3933.45935710691;4022.19911964814;4037.50931467981;3937.75871176418;4073.66600980642;4109.16513496372;4258.48626965259;
Kosovo;3741.87505207304;3596.80465465781;3891.26636343866;4080.33071724595;3603.02550073134;3780.00368867233;4045.61420880757;
Yemen, Rep.;1374.62128512758;1446.53635351496;1607.15236498904;1673.14635369478;1395.43963317477;1033.73304347934;882.395758510966;
South Africa;8007.41284634441;7501.4699839525;6832.45689096701;6433.18727662894;5734.63362915331;5272.91842475419;6132.4798409721;
Zambia;1672.90825103652;1763.07273337195;1878.90700132351;1763.05729765435;1337.79611014087;1280.57889834732;1534.86537052245;
Zimbabwe;1093.65400227511;1304.96980167411;1430.00081795572;1434.89934002278;1445.07106198798;1464.58352903946;1548.17005572552;